{
    "TwoChoiceMDP":
    {
        "0.0":
        {
            "v_pi": [-0.8, -2.4, -2.0, -1.6, -1.2, -0.4, 0, 0.4, 0.8],
            "d_pi": [0.2, 0.0, 0.0, 0.0, 0.0, 0.2, 0.2, 0.2, 0.2],
            "q_pi": [-1.8, -2.4, -2.0, -1.6, -1.2, -0.4, 0.0, 0.4, 0.8,
            -0.8, -2.4, -2.0, -1.6, -1.2, -0.4, 0.0, 0.4, 0.8],
            "d_pi_sa": [0, 0, 0, 0, 0, 0.1, 0.1, 0.1, 0.1,
            0.2, 0, 0, 0, 0, 0.1, 0.1, 0.1, 0.1],
            "r_pi": 0.4
        },
        "1.0":
        {
            "v_pi": [0.4, -0.4, -0.2, 0.0, 0.2, 1.6, 1.8, 2.0, 2.2],
            "d_pi": [0.2, 0.2, 0.2, 0.2, 0.2, 0.0, 0.0, 0.0, 0.0],
            "r_pi": 0.2
        },
        "0.5":
        {
            "v_pi": [-0.2, -1.4, -1.1, -0.8, -0.5, 0.6, 0.9, 1.2, 1.5],
            "d_pi": [0.2, 0.1, 0.1, 0.1, 0.1, 0.1, 0.1, 0.1, 0.1],
            "r_pi": 0.3
        }
    },
    "RiverSwim":
    {
        "0.0":
        {
            "v_pi" : [],
            "d_pi": [0.006422, 0.019266, 0.057798, 0.173394, 0.520183, 0.222936],
            "r_pi": 0.066881
        }
    },
    "RandomWalkN":
    {
        "0.5":
        {
            "v_pi" : ["i/k*r for i in range(-k, k+1)"],
            "d_pi": ["1/(k+1)*i/(k+1) for i in range(k)", "1/(k+1)", "1/(k+1)*i/(k+1) for i in range(k-1,-1,-1)"],
            "r_pi": 0.0
        }
    }
}